,,,,,,,,,,,,,,,,,,,,,,,,
Theme: Population,,,,,,,,,,,,,,,,,,,,,,,,
Subject: Population and Population Structure,,,,,,,,,,,,,,,,,,,,,,,,
Topic: Key Annual Indicators on Population,,,,,,,,,,,,,,,,,,,,,,,,
"Table Title: Singapore Citizens By Age Group, Ethnic Group And Sex, End June, Annual",,,,,,,,,,,,,,,,,,,,,,,,
,,,,,,,,,,,,,,,,,,,,,,,,
Data last updated: 29/09/2023,,,,,,,,,,,,,,,,,,,,,,,,
Source: SINGAPORE DEPARTMENT OF STATISTICS,,,,,,,,,,,,,,,,,,,,,,,,
,,,,,,,,,,,,,,,,,,,,,,,,
,,,,,,,,,,,,,,,,,,,,,,,,Number
Data Series,2023 ,2022 ,2021 ,2020 ,2019 ,2018 ,2017 ,2016 ,2015 ,2014 ,2013 ,2012 ,2011 ,2010 ,2009 ,2008 ,2007 ,2006 ,2005 ,2004 ,2003 ,2002 ,2001 ,2000 
Total Citizen,3610658,3553749,3498191,3523191,3500940,3471936,3439177,3408943,3375023,3343030,3313507,3285140,3257228,3230719,3200693,3164438,3133848,3107924,3081001,3057087,3032541,3043397,3017092,2985886
  0 - 4 Years,167104,169201,169337,172396,173025,172621,173301,172328,167850,165477,165161,165250,165503,167225,166511,164314,164881,167717,174799,181980,188466,197439,205233,209701
  5 - 9 Years,183103,182516,180632,178124,176184,175796,175308,174769,176018,175633,174459,174649,176893,183948,190054,195111,201967,209169,213012,218622,226758,233349,236110,239691
  10 - 14 Years,181868,179901,178362,181597,181471,180222,179983,181745,188794,195240,200724,207846,214947,218520,223230,230418,233841,236544,239894,240294,243046,242037,232821,222591
  15 - 19 Years,186664,184960,185710,193789,200417,205723,212409,219247,222394,226912,234254,237919,240098,243141,242808,244782,242388,232769,222410,216215,204105,199878,201787,202842
  20 - 24 Years,210595,215664,220705,225822,229939,237046,240312,242395,245523,245488,247427,244809,235112,224539,217901,204764,199307,200710,201131,198290,197943,197944,197575,195765
  25 - 29 Years,241295,242043,240892,248515,248582,250958,248107,238534,227690,220716,207915,202645,204269,205322,203328,202276,198089,197324,195249,195635,199942,211999,216895,222180
  30 - 34 Years,259368,254000,241056,235602,230112,217874,212528,214768,214822,211985,211704,207243,205957,203855,203431,206084,214037,218395,223235,225061,224235,226645,229436,236905
  35 - 39 Years,230146,222105,221408,226314,225029,224625,219050,217479,214398,213574,216722,225063,228830,233281,233803,231185,229007,230941,237397,246616,258327,270516,277447,281850
  40 - 44 Years,235248,226300,221995,224361,224611,227556,234761,237675,241473,242092,240257,238209,239228,244830,252445,262329,269373,275566,278890,283289,284831,289580,290347,287417
  45 - 49 Years,234938,239262,239356,248237,249425,247329,244234,244481,249203,256500,266193,273172,278733,281245,284290,284611,285200,285681,282869,278200,272059,266459,256016,245436
  50 - 54 Years,250801,244727,242367,251452,258863,267845,273694,278617,280517,283382,283720,283778,283789,280579,275683,269243,260756,250502,239822,231607,222909,217372,211957,195751
  55 - 59 Years,266253,268972,270998,277552,280379,280396,279871,279402,276135,270741,264449,256170,246024,235384,227371,218383,210898,205460,189699,167722,151753,135078,117793,117433
  60 - 64 Years,273743,270885,268008,268886,263899,257548,249124,239135,228653,220446,211876,204520,199131,183596,162181,146535,129287,112515,112102,117314,116741,116459,111942,104419
  65 - 69 Years,247171,237357,226197,219275,211529,202905,195428,189921,174881,154483,139555,122991,106796,106072,110778,110048,108848,104353,97099,92586,86999,85347,85487,84185
  70 - 74 Years,190120,181861,175551,163572,144329,130055,114360,98927,97897,102019,101100,99949,95888,88773,84066,78441,76110,75906,74367,70454,68155,67052,65445,63318
  75 - 79 Years,116673,102041,87713,87310,90792,89536,88288,84504,78008,73467,68096,65489,64856,63297,59767,57366,55144,52872,50111,46432,41561,43247,40255,37775
  80 - 84 Years,73519,72520,69427,64223,60190,55232,52652,51988,50325,47127,44945,42929,41023,38769,36092,32899,30490,28500,27015,26119,25169,24307,23028,22039
  85 - 89 Years,38826,36940,36788,35696,33120,31243,29712,28321,26745,24783,22528,20824,19127,17913,17055,16295,15525,14804,14131,13411,12890,12500,11989,11626
  65 Years & Over,689532,653213,617365,590544,559004,526397,496495,468368,441553,414844,388646,363867,338714,325254,317657,304403,294817,284631,270492,256242,241426,238642,231733,223905
  70 Years & Over,442361,415856,391168,371269,347475,323492,301067,278447,266672,260361,249091,240876,231918,219182,206879,194355,185969,180278,173393,163656,154427,153295,146246,139720
  75 Years & Over,252241,233995,215617,207697,203146,193437,186707,179520,168775,158342,147991,140927,136030,130409,122813,115914,109859,104372,99026,93202,86272,86243,80801,76402
  80 Years & Over,135568,131954,127904,120387,112354,103901,98419,95016,90767,84875,79895,75438,71174,67112,63046,58548,54715,51500,48915,46770,44711,42996,40546,38627
  85 Years & Over,62049,59434,58477,56164,52164,48669,45767,43028,40442,37748,34950,32509,30151,28343,26954,25649,24225,23000,21900,20651,19542,18689,17518,16588
  90 Years & Over,23223,22494,21689,20468,19044,17426,16055,14707,13697,12965,12422,11685,11024,10430,9899,9354,8700,8196,7769,7240,6652,6189,5529,4962
Total Male Citizens,1782965,1757875,1733837,1745024,1734912,1722188,1707234,1693719,1678802,1664026,1650555,1636935,1623749,1611271,1597669,1580577,1566114,1553660,1540566,1529512,1517732,1524874,1512670,1497804
  0 - 4 Years,85550,86509,86634,88197,88687,88607,89156,88694,86532,85186,85109,84909,85057,85878,85531,84404,84733,86218,90162,94100,97761,102438,106496,108529
  5 - 9 Years,93864,93894,92974,91755,90607,90485,89963,89629,90219,90114,89466,89532,90730,94618,98061,100982,104627,108384,110132,113022,116923,120518,121537,123458
  10 - 14 Years,93571,92341,91619,93000,93006,92319,92158,93087,97002,100531,103711,107467,111103,112767,115200,118629,120554,121564,123406,123668,125150,124563,120227,115074
  15 - 19 Years,95617,94952,95489,99700,103282,106330,109825,113303,114752,117098,120513,122629,123349,124916,124708,125863,124556,120088,114906,111760,105644,103538,104689,105026
  20 - 24 Years,109484,112471,115291,117155,119121,122575,124468,125294,127069,127130,128158,126635,121856,116412,112976,106262,103512,104253,104078,102173,101582,102293,101900,100965
  25 - 29 Years,125082,125777,125045,128690,128542,129837,128074,123404,117863,114108,107444,104684,105602,105757,104752,104134,101696,100992,99834,99888,101808,108153,110490,113081
  30 - 34 Years,132343,129526,123336,120229,117060,110705,107994,109194,108986,107673,107360,104808,103871,102741,102496,103818,107863,109830,112089,112734,111887,113027,114294,118083
  35 - 39 Years,114814,110784,110754,112668,112135,111745,108833,107903,106519,106084,107733,111942,113923,116096,116199,114722,113524,114442,117733,122605,128827,134809,138484,140946
  40 - 44 Years,115280,110672,108442,109469,109569,111210,115079,116831,118842,119179,118299,117354,118105,121236,125378,130749,134394,137711,139452,142000,143152,145327,145880,144382
  45 - 49 Years,113523,116042,116463,120952,121482,120509,119274,119782,122733,126883,132365,136141,139131,140659,142395,142766,143199,143525,141964,139371,136477,133633,128267,123131
  50 - 54 Years,121346,118751,118139,123156,127510,132636,135912,138668,139979,141565,142023,142097,142130,140342,137663,134640,130567,125254,120055,116005,111415,108278,105583,97474
  55 - 59 Years,131194,132922,134517,137919,139419,139669,139488,139343,137486,134529,131529,127584,122404,117209,113214,108517,104449,101697,93858,83011,74859,66586,57877,57403
  60 - 64 Years,135354,134203,133032,132939,130175,127127,123108,117973,112975,108898,104379,100360,97602,89928,79418,71407,63034,54592,54049,56393,55948,55858,54117,50857
  65 - 69 Years,120440,116045,110565,107012,103193,98644,94559,91759,84408,74512,66942,59020,50926,50243,52232,51688,51110,49328,46220,44139,41566,40714,40660,39931
  70 - 74 Years,90613,86330,83165,77232,68035,60956,53591,45986,45179,46800,46162,45579,44004,40962,38751,36174,35003,34716,33838,32112,31073,30560,29761,28865
  75 - 79 Years,52786,46152,39270,38812,40165,39346,38695,37306,34594,32453,30020,28711,28172,27329,25909,24770,23569,22395,21042,19483,17425,18859,17554,16446
  80 - 84 Years,30374,29905,28927,26869,25137,22952,21655,21190,20285,18939,17986,16929,16017,14996,13976,12709,11785,11114,10599,10200,9737,9453,8871,8457
  85 - 89 Years,14674,13804,13621,13124,12132,11429,10651,10039,9369,8632,7771,7184,6584,6169,5853,5539,5359,5125,4837,4637,4433,4276,4182,4109
  65 Years & Over,315943,299031,282102,269195,254317,238434,223902,210614,197845,185048,172466,160793,148886,142712,139678,133684,129406,125110,118848,112782,106299,105853,102829,99395
  70 Years & Over,195503,182986,171537,162183,151124,139790,129343,118855,113437,110536,105524,101773,97960,92469,87446,81996,78296,75782,72628,68643,64733,65139,62169,59464
  75 Years & Over,104890,96656,88372,84951,83089,78834,75752,72869,68258,63736,59362,56194,53956,51507,48695,45822,43293,41066,38790,36531,33660,34579,32408,30599
  80 Years & Over,52104,50504,49102,46139,42924,39488,37057,35563,33664,31283,29342,27483,25784,24178,22786,21052,19724,18671,17748,17048,16235,15720,14854,14153
  85 Years & Over,21730,20599,20175,19270,17787,16536,15402,14373,13379,12344,11356,10554,9767,9182,8810,8343,7939,7557,7149,6848,6498,6267,5983,5696
  90 Years & Over,7056,6795,6554,6146,5655,5107,4751,4334,4010,3712,3585,3370,3183,3013,2957,2804,2580,2432,2312,2211,2065,1991,1801,1587
Total Female Citizens,1827693,1795874,1764354,1778167,1766028,1749748,1731943,1715224,1696221,1679004,1662952,1648205,1633479,1619448,1603024,1583861,1567734,1554264,1540435,1527575,1514809,1518523,1504422,1488082
  0 - 4 Years,81554,82692,82703,84199,84338,84014,84145,83634,81318,80291,80052,80341,80446,81347,80980,79910,80148,81499,84637,87880,90705,95001,98737,101172
  5 - 9 Years,89239,88622,87658,86369,85577,85311,85345,85140,85799,85519,84993,85117,86163,89330,91993,94129,97340,100785,102880,105600,109835,112831,114573,116233
  10 - 14 Years,88297,87560,86743,88597,88465,87903,87825,88658,91792,94709,97013,100379,103844,105753,108030,111789,113287,114980,116488,116626,117896,117474,112594,107517
  15 - 19 Years,91047,90008,90221,94089,97135,99393,102584,105944,107642,109814,113741,115290,116749,118225,118100,118919,117832,112681,107504,104455,98461,96340,97098,97816
  20 - 24 Years,101111,103193,105414,108667,110818,114471,115844,117101,118454,118358,119269,118174,113256,108127,104925,98502,95795,96457,97053,96117,96361,95651,95675,94800
  25 - 29 Years,116213,116266,115847,119825,120040,121121,120033,115130,109827,106608,100471,97961,98667,99565,98576,98142,96393,96332,95415,95747,98134,103846,106405,109099
  30 - 34 Years,127025,124474,117720,115373,113052,107169,104534,105574,105836,104312,104344,102435,102086,101114,100935,102266,106174,108565,111146,112327,112348,113618,115142,118822
  35 - 39 Years,115332,111321,110654,113646,112894,112880,110217,109576,107879,107490,108989,113121,114907,117185,117604,116463,115483,116499,119664,124011,129500,135707,138963,140904
  40 - 44 Years,119968,115628,113553,114892,115042,116346,119682,120844,122631,122913,121958,120855,121123,123594,127067,131580,134979,137855,139438,141289,141679,144253,144467,143035
  45 - 49 Years,121415,123220,122893,127285,127943,126820,124960,124699,126470,129617,133828,137031,139602,140586,141895,141845,142001,142156,140905,138829,135582,132826,127749,122305
  50 - 54 Years,129455,125976,124228,128296,131353,135209,137782,139949,140538,141817,141697,141681,141659,140237,138020,134603,130189,125248,119767,115602,111494,109094,106374,98277
  55 - 59 Years,135059,136050,136481,139633,140960,140727,140383,140059,138649,136212,132920,128586,123620,118175,114157,109866,106449,103763,95841,84711,76894,68492,59916,60030
  60 - 64 Years,138389,136682,134976,135947,133724,130421,126016,121162,115678,111548,107497,104160,101529,93668,82763,75128,66253,57923,58053,60921,60793,60601,57825,53562
  65 - 69 Years,126731,121312,115632,112263,108336,104261,100869,98162,90473,79971,72613,63971,55870,55829,58546,58360,57738,55025,50879,48447,45433,44633,44827,44254
  70 - 74 Years,99507,95531,92386,86340,76294,69099,60769,52941,52718,55219,54938,54370,51884,47811,45315,42267,41107,41190,40529,38342,37082,36492,35684,34453
  75 - 79 Years,63887,55889,48443,48498,50627,50190,49593,47198,43414,41014,38076,36778,36684,35968,33858,32596,31575,30477,29069,26949,24136,24388,22701,21329
  80 - 84 Years,43145,42615,40500,37354,35053,32280,30997,30798,30040,28188,26959,26000,25006,23773,22116,20190,18705,17386,16416,15919,15432,14854,14157,13582
  85 - 89 Years,24152,23136,23167,22572,20988,19814,19061,18282,17376,16151,14757,13640,12543,11744,11202,10756,10166,9679,9294,8774,8457,8224,7807,7517
  65 Years & Over,373589,354182,335263,321349,304687,287963,272593,257754,243708,229796,216180,203074,189828,182542,177979,170719,165411,159521,151644,143460,135127,132789,128904,124510
  70 Years & Over,246858,232870,219631,209086,196351,183702,171724,159592,153235,149825,143567,139103,133958,126713,119433,112359,107673,104496,100765,95013,89694,88156,84077,80256
  75 Years & Over,147351,137339,127245,122746,120057,114603,110955,106651,100517,94606,88629,84733,82074,78902,74118,70092,66566,63306,60236,56671,52612,51664,48393,45803
  80 Years & Over,83464,81450,78802,74248,69430,64413,61362,59453,57103,53592,50553,47955,45390,42934,40260,37496,34991,32829,31167,29722,28476,27276,25692,24474
  85 Years & Over,40319,38835,38302,36894,34377,32133,30365,28655,27063,25404,23594,21955,20384,19161,18144,17306,16286,15443,14751,13803,13044,12422,11535,10892
  90 Years & Over,16167,15699,15135,14322,13389,12319,11304,10373,9687,9253,8837,8315,7841,7417,6942,6550,6120,5764,5457,5029,4587,4198,3728,3375
Total Malays,545203,538454,529737,529954,525117,519988,514967,510192,505308,501144,497154,493730,490745,487758,484121,479896,475586,471479,466926,462547,457470,455551,449601,443424
  0 - 4 Years,40068,40132,39082,38496,37177,35967,34349,32868,31456,30677,30334,30623,31125,31853,32359,32779,33452,34694,36094,37682,39248,40943,42016,42909
  5 - 9 Years,36368,34562,32907,31726,30981,30550,30837,31303,31958,32416,32927,33582,34791,36331,38025,39598,41201,42294,43174,44118,45438,46726,47668,48570
  10 - 14 Years,30781,30918,31202,32066,32542,32993,33611,34809,36283,37917,39436,41057,42135,43130,44141,45520,46532,47531,48449,49116,48732,47912,46175,44343
  15 - 19 Years,33417,33922,34983,36614,38284,39766,41330,42345,43214,44060,45405,46352,47361,48264,48931,48518,47760,45988,44231,42279,40390,39101,37971,36578
  20 - 24 Years,40166,41578,42479,43458,44306,45630,46542,47454,48249,48833,48314,47441,45797,43983,42049,40141,38739,37621,36200,34103,32138,30277,28522,27059
  25 - 29 Years,45500,46312,46995,48102,48702,48235,47370,45611,43791,41831,39957,38613,37526,36169,34210,32254,30068,28311,26922,26732,27117,28554,29820,30956
  30 - 34 Years,47999,46975,44986,43498,41629,39767,38468,37387,36010,34076,32236,30119,28443,27037,26876,27199,28356,29595,30698,30875,31646,32699,34520,36871
  35 - 39 Years,39495,38015,36710,35737,33917,32098,29995,28314,26851,26678,27035,28262,29483,30629,30756,31514,32276,34096,36449,39230,41873,43838,44621,44777
  40 - 44 Years,31950,29643,27677,26618,26496,26800,27935,29079,30109,30317,31144,31958,33802,36134,38873,41424,42992,43779,43856,43983,42886,42078,40344,38520
  45 - 49 Years,26589,27520,28339,29745,29936,30747,31487,33255,35496,38210,40755,42378,43155,43340,43262,42209,41117,39555,37825,35994,34312,32429,30420,28238
  50 - 54 Years,30224,30766,32199,34855,37517,39948,41427,42152,42234,42175,41186,40183,38756,37099,35277,33660,31603,29684,27507,25672,23605,22385,21591,19532
  55 - 59 Years,38847,39996,40242,40982,40927,39885,38932,37389,35760,34024,32536,30582,28697,26660,24848,22865,21553,20786,18792,16340,14765,12811,10567,10510
  60 - 64 Years,38099,36895,35018,34132,32438,31005,29155,27348,25325,23621,21721,20461,19756,17850,15480,13974,11993,9905,9804,10305,10293,10544,10560,10447
  65 - 69 Years,28891,26977,25089,23676,22065,20218,18954,18178,16431,14266,12857,11016,9036,8968,9376,9352,9566,9524,9400,9738,9782,9885,10035,9719
  70 - 74 Years,18185,16942,16113,14698,12688,11419,9773,7983,7857,8237,8119,8272,8292,8142,8372,8385,8415,8525,8199,7523,7176,7237,7369,7406
  75 - 79 Years,9551,8157,6573,6538,6853,6702,6833,6791,6656,6779,6725,6745,6780,6528,5939,5577,5402,5387,5285,5039,4468,4828,4564,4289
  80 - 84 Years,4916,5021,4970,4928,4956,4866,4794,4895,4679,4256,3953,3747,3713,3611,3455,3119,2941,2800,2708,2580,2452,2296,2004,1862
  85 - 89 Years,2883,2887,2954,2877,2562,2327,2200,2159,2102,2004,1780,1671,1529,1493,1392,1338,1231,1087,1016,903,821,691,585,606
  65 Years & Over,65700,61220,56918,53925,50265,46597,43529,40878,38572,36309,34168,32119,29918,29279,29034,28241,27944,27640,26925,26118,25027,25254,24806,24114
  70 Years & Over,36809,34243,31829,30249,28200,26379,24575,22700,22141,22043,21311,21103,20882,20311,19658,18889,18378,18116,17525,16380,15245,15369,14771,14395
  75 Years & Over,18624,17301,15716,15551,15512,14960,14802,14717,14284,13806,13192,12831,12590,12169,11286,10504,9963,9591,9326,8857,8069,8132,7402,6989
  80 Years & Over,9073,9144,9143,9013,8659,8258,7969,7926,7628,7027,6467,6086,5810,5641,5347,4927,4561,4204,4041,3818,3601,3304,2838,2700
  85 Years & Over,4157,4123,4173,4085,3703,3392,3175,3031,2949,2771,2514,2339,2097,2030,1892,1808,1620,1404,1333,1238,1149,1008,834,838
  90 Years & Over,1274,1236,1219,1208,1141,1065,975,872,847,767,734,668,568,537,500,470,389,317,317,335,328,317,249,232
Total Male Malays,274299,271249,267403,266762,264292,261789,259250,256910,254469,252402,250472,248847,247421,245983,244269,242371,240418,238342,236148,234108,231646,230835,227857,224794
  0 - 4 Years,20491,20529,20003,19756,19078,18517,17679,16878,16160,15758,15550,15627,15983,16323,16631,16809,17227,17869,18691,19449,20458,21254,21775,22181
  5 - 9 Years,18702,17772,16886,16304,15928,15692,15753,16071,16374,16664,16869,17278,17915,18803,19601,20633,21409,21937,22312,22862,23439,24182,24532,25068
  10 - 14 Years,15811,15833,16072,16457,16731,16905,17289,17905,18788,19556,20566,21327,21852,22294,22878,23501,24093,24470,25016,25274,25021,24579,23710,22693
  15 - 19 Years,17154,17458,18033,18960,19763,20740,21480,21969,22332,22832,23417,23999,24378,24902,25169,24916,24492,23593,22620,21631,20666,20030,19557,18833
  20 - 24 Years,20912,21614,22069,22433,22931,23520,24076,24406,24871,25090,24782,24314,23472,22462,21485,20509,19812,19341,18577,17571,16496,15621,14722,13979
  25 - 29 Years,23458,23981,24225,24831,25044,24753,24249,23360,22348,21357,20374,19697,19253,18525,17620,16576,15448,14539,13815,13688,13917,14691,15287,15816
  30 - 34 Years,24651,24099,23124,22223,21257,20268,19602,19164,18435,17512,16505,15391,14495,13750,13644,13891,14520,15095,15601,15604,15878,16408,17240,18420
  35 - 39 Years,20136,19388,18853,18275,17402,16387,15278,14373,13606,13489,13719,14384,14955,15482,15462,15768,16160,17007,18175,19555,21000,21917,22461,22591
  40 - 44 Years,16278,15065,14064,13425,13332,13533,14147,14696,15161,15177,15524,15939,16796,17980,19321,20703,21456,21960,22051,22321,21791,21335,20415,19494
  45 - 49 Years,13390,13914,14313,14910,14913,15239,15600,16438,17573,18900,20293,21065,21552,21728,21814,21325,20797,19991,19112,18133,17260,16261,15161,14040
  50 - 54 Years,14897,15219,15924,17199,18500,19818,20523,21014,21088,21184,20737,20252,19506,18662,17675,16849,15798,14737,13626,12675,11584,10957,10651,9665
  55 - 59 Years,19190,19750,20107,20396,20465,19955,19528,18733,17921,16978,16218,15185,14143,13092,12153,11105,10453,10156,9228,8049,7266,6274,5051,4961
  60 - 64 Years,18903,18418,17530,16943,16030,15317,14348,13364,12332,11423,10410,9792,9548,8657,7531,6777,5795,4672,4549,4791,4774,4988,5192,5187
  65 - 69 Years,14047,13125,12145,11327,10509,9553,8923,8607,7805,6813,6128,5225,4187,4101,4299,4275,4435,4578,4558,4706,4683,4660,4600,4455
  70 - 74 Years,8395,7795,7495,6821,5908,5311,4519,3608,3520,3692,3636,3741,3884,3833,3905,3874,3845,3769,3614,3351,3314,3431,3581,3704
  75 - 79 Years,4270,3647,2860,2820,2968,2883,2975,3087,3013,3025,2957,2946,2859,2759,2530,2491,2448,2497,2546,2487,2236,2512,2410,2289
  80 - 84 Years,2009,2067,2127,2127,2097,2048,1979,1951,1874,1728,1657,1614,1646,1666,1645,1491,1427,1405,1376,1334,1296,1230,1079,999
  85 - 89 Years,1131,1106,1094,1078,960,905,887,899,911,884,803,773,725,704,670,652,621,574,540,475,411,342,304,301
  65 Years & Over,30326,28209,26200,24650,22918,21145,19698,18539,17480,16482,15508,14597,13573,13323,13285,13009,12958,12975,12775,12505,12096,12338,12103,11866
  70 Years & Over,16279,15084,14055,13323,12409,11592,10775,9932,9675,9669,9380,9372,9386,9222,8986,8734,8523,8397,8217,7799,7413,7678,7503,7411
  75 Years & Over,7884,7289,6560,6502,6501,6281,6256,6324,6155,5977,5744,5631,5502,5389,5081,4860,4678,4628,4603,4448,4099,4247,3922,3707
  80 Years & Over,3614,3642,3700,3682,3533,3398,3281,3237,3142,2952,2787,2685,2643,2630,2551,2369,2230,2131,2057,1961,1863,1735,1512,1418
  85 Years & Over,1605,1575,1573,1555,1436,1350,1302,1286,1268,1224,1130,1071,997,964,906,878,803,726,681,627,567,505,433,419
  90 Years & Over,474,469,479,477,476,445,415,387,357,340,327,298,272,260,236,226,182,152,141,152,156,163,129,118
Total Female Malays,270904,267205,262334,263192,260825,258199,255717,253282,250839,248742,246682,244883,243324,241775,239852,237525,235168,233137,230778,228439,225824,224716,221744,218630
  0 - 4 Years,19577,19603,19079,18740,18099,17450,16670,15990,15296,14919,14784,14996,15142,15530,15728,15970,16225,16825,17403,18233,18790,19689,20241,20728
  5 - 9 Years,17666,16790,16021,15422,15053,14858,15084,15232,15584,15752,16058,16304,16876,17528,18424,18965,19792,20357,20862,21256,21999,22544,23136,23502
  10 - 14 Years,14970,15085,15130,15609,15811,16088,16322,16904,17495,18361,18870,19730,20283,20836,21263,22019,22439,23061,23433,23842,23711,23333,22465,21650
  15 - 19 Years,16263,16464,16950,17654,18521,19026,19850,20376,20882,21228,21988,22353,22983,23362,23762,23602,23268,22395,21611,20648,19724,19071,18414,17745
  20 - 24 Years,19254,19964,20410,21025,21375,22110,22466,23048,23378,23743,23532,23127,22325,21521,20564,19632,18927,18280,17623,16532,15642,14656,13800,13080
  25 - 29 Years,22042,22331,22770,23271,23658,23482,23121,22251,21443,20474,19583,18916,18273,17644,16590,15678,14620,13772,13107,13044,13200,13863,14533,15140
  30 - 34 Years,23348,22876,21862,21275,20372,19499,18866,18223,17575,16564,15731,14728,13948,13287,13232,13308,13836,14500,15097,15271,15768,16291,17280,18451
  35 - 39 Years,19359,18627,17857,17462,16515,15711,14717,13941,13245,13189,13316,13878,14528,15147,15294,15746,16116,17089,18274,19675,20873,21921,22160,22186
  40 - 44 Years,15672,14578,13613,13193,13164,13267,13788,14383,14948,15140,15620,16019,17006,18154,19552,20721,21536,21819,21805,21662,21095,20743,19929,19026
  45 - 49 Years,13199,13606,14026,14835,15023,15508,15887,16817,17923,19310,20462,21313,21603,21612,21448,20884,20320,19564,18713,17861,17052,16168,15259,14198
  50 - 54 Years,15327,15547,16275,17656,19017,20130,20904,21138,21146,20991,20449,19931,19250,18437,17602,16811,15805,14947,13881,12997,12021,11428,10940,9867
  55 - 59 Years,19657,20246,20135,20586,20462,19930,19404,18656,17839,17046,16318,15397,14554,13568,12695,11760,11100,10630,9564,8291,7499,6537,5516,5549
  60 - 64 Years,19196,18477,17488,17189,16408,15688,14807,13984,12993,12198,11311,10669,10208,9193,7949,7197,6198,5233,5255,5514,5519,5556,5368,5260
  65 - 69 Years,14844,13852,12944,12349,11556,10665,10031,9571,8626,7453,6729,5791,4849,4867,5077,5077,5131,4946,4842,5032,5099,5225,5435,5264
  70 - 74 Years,9790,9147,8618,7877,6780,6108,5254,4375,4337,4545,4483,4531,4408,4309,4467,4511,4570,4756,4585,4172,3862,3806,3788,3702
  75 - 79 Years,5281,4510,3713,3718,3885,3819,3858,3704,3643,3754,3768,3799,3921,3769,3409,3086,2954,2890,2739,2552,2232,2316,2154,2000
  80 - 84 Years,2907,2954,2843,2801,2859,2818,2815,2944,2805,2528,2296,2133,2067,1945,1810,1628,1514,1395,1332,1246,1156,1066,925,863
  85 - 89 Years,1752,1781,1860,1799,1602,1422,1313,1260,1191,1120,977,898,804,789,722,686,610,513,476,428,410,349,281,305
  65 Years & Over,35374,33011,30718,29275,27347,25452,23831,22339,21092,19827,18660,17522,16345,15956,15749,15232,14986,14665,14150,13613,12931,12916,12703,12248
  70 Years & Over,20530,19159,17774,16926,15791,14787,13800,12768,12466,12374,11931,11731,11496,11089,10672,10155,9855,9719,9308,8581,7832,7691,7268,6984
  75 Years & Over,10740,10012,9156,9049,9011,8679,8546,8393,8129,7829,7448,7200,7088,6780,6205,5644,5285,4963,4723,4409,3970,3885,3480,3282
  80 Years & Over,5459,5502,5443,5331,5126,4860,4688,4689,4486,4075,3680,3401,3167,3011,2796,2558,2331,2073,1984,1857,1738,1569,1326,1282
  85 Years & Over,2552,2548,2600,2530,2267,2042,1873,1745,1681,1547,1384,1268,1100,1066,986,930,817,678,652,611,582,503,401,419
  90 Years & Over,800,767,740,731,665,620,560,485,490,427,407,370,296,277,264,244,207,165,176,183,172,154,120,114
Total Chinese,2731200,2690340,2654496,2675521,2660989,2641013,2617567,2595776,2571045,2547040,2524891,2503160,2480879,2461852,2439490,2414840,2393759,2375961,2358187,2341661,2324988,2334148,2316930,2295068
  0 - 4 Years,109410,111322,112758,116135,117918,118631,120946,121472,118757,117218,117064,116409,115679,116494,115799,113758,113832,115290,120746,125856,130232,136616,142789,146014
  5 - 9 Years,127765,129188,129307,127809,126484,126418,125375,123995,124304,123504,121770,121258,122107,127408,131672,135143,140127,145887,148760,153148,159484,163847,165419,167858
  10 - 14 Years,131278,129271,127519,129067,128382,126616,125859,126389,131705,136111,139716,144777,150436,152979,156720,162488,164755,166206,168471,168079,171333,171156,164502,157056
  15 - 19 Years,131016,129472,129616,135565,140148,143726,148595,154191,156520,160106,165902,168335,169321,171364,170490,173123,171880,164842,157175,153652,144277,141851,145401,148230
  20 - 24 Years,146672,150526,155042,158992,162392,168143,170406,171498,173601,172941,175563,174346,167035,159181,155247,145138,141882,144978,147246,147183,149455,151777,153818,154126
  25 - 29 Years,171406,171888,170754,176486,176048,179046,177539,170510,162468,158134,148141,144860,147875,150535,151177,153028,151998,153673,153768,154761,158448,168267,171384,174833
  30 - 34 Years,186798,183289,173860,170116,166984,157519,154155,157831,159506,159164,161151,159438,160226,160119,160439,163114,169768,172605,175934,177199,175176,175767,175982,180139
  35 - 39 Years,168294,162765,164359,169987,170953,172887,170194,170829,169701,169289,171785,178281,180214,183122,183621,180557,177701,177305,180812,186416,194481,203185,208847,212751
  40 - 44 Years,181675,176340,175074,178444,178919,181293,186977,188344,190579,190815,187860,184881,183573,186444,190953,197904,202803,207918,211160,215080,217889,223033,225951,225476
  45 - 49 Years,186959,190381,189870,196309,197125,194157,190371,188587,190730,194832,201406,206204,210769,213158,216203,217998,219940,222526,222161,220262,216768,213768,206243,198883
  50 - 54 Years,197083,190909,187531,193063,197405,203539,207507,211632,213656,216358,218053,219530,221616,220944,218454,214677,209423,202079,194684,188828,182885,178961,174727,162045
  55 - 59 Years,203022,204676,207011,212294,215070,216502,217344,219068,218177,215612,211823,206617,199274,191789,185790,179577,174068,169780,157405,139688,126744,113374,99782,99523
  60 - 64 Years,212405,211483,211537,213415,211036,207104,201624,194359,186965,181084,175097,169631,165331,153084,135540,122850,109013,95709,95480,99895,99276,98498,94076,86790
  65 - 69 Years,199929,193363,185176,180177,174591,168486,162883,158557,146512,129918,117730,104370,91441,90885,94822,94091,92591,88267,81253,76538,70914,68826,68604,67451
  70 - 74 Years,159000,152712,147782,137997,122208,110422,97658,85186,84418,87966,87161,85761,81815,74990,70101,64541,62074,61674,60388,57098,55089,53681,51925,49761
  75 - 79 Years,100004,87890,76316,75925,78893,77825,76371,72720,66510,62007,56799,54216,53577,52307,49072,47108,45275,43233,40911,37897,34058,34351,31955,30164
  80 - 84 Years,64625,63503,60560,55460,51569,46795,44314,43588,42197,39495,37699,36057,34343,32391,30049,27485,25446,23673,22393,21680,20968,20345,19580,18899
  85 - 89 Years,33582,31728,31531,30506,28298,26718,25440,24178,22786,21080,19195,17805,16374,15303,14529,13876,13296,12813,12307,11801,11461,11239,10881,10536
  65 Years & Over,577417,548830,520258,497839,472125,445432,420675,397071,374376,351872,329560,308593,287423,275231,267385,255485,246569,237163,224385,211614,198540,194048,188009,181344
  70 Years & Over,377488,355467,335082,317662,297534,276946,257792,238514,227864,221954,211830,204223,195982,184346,172563,161394,153978,148896,143132,135076,127626,125222,119405,113893
  75 Years & Over,218488,202755,187300,179665,175326,166524,160134,153328,143446,133988,124669,118462,114167,109356,102462,96853,91904,87222,82744,77978,72537,71541,67480,64132
  80 Years & Over,118484,114865,110984,103740,96433,88699,83763,80608,76936,71981,67870,64246,60590,57049,53390,49745,46629,43989,41833,40081,38479,37190,35525,33968
  85 Years & Over,53859,51362,50424,48280,44864,41904,39449,37020,34739,32486,30171,28189,26247,24658,23341,22260,21183,20316,19440,18401,17511,16845,15945,15069
  90 Years & Over,20277,19634,18893,17774,16566,15186,14009,12842,11953,11406,10976,10384,9873,9355,8812,8384,7887,7503,7133,6600,6050,5606,5064,4533
Total Male Chinese,1342109,1324214,1308830,1319485,1313334,1304816,1294477,1284958,1274298,1263390,1253438,1243083,1232532,1223811,1213771,1202304,1192518,1184030,1175376,1167692,1159629,1165274,1157384,1146972
  0 - 4 Years,56094,56990,57749,59427,60480,60879,62284,62699,61424,60566,60585,60023,59517,59935,59558,58464,58515,59242,62195,65073,67496,70956,74227,75731
  5 - 9 Years,65538,66574,66787,66075,65285,65357,64608,63734,63891,63504,62581,62271,62690,65508,68004,69899,72670,75725,77091,79295,82363,84653,85280,86533
  10 - 14 Years,67836,66620,65634,66291,65967,65031,64612,64873,67698,70189,72181,74971,77934,79147,81010,83799,84987,85539,86766,86679,88438,88333,85158,81450
  15 - 19 Years,67292,66618,66746,69768,72330,74281,76915,79841,80955,82752,85499,86838,87165,88172,87763,89241,88584,85294,81479,79679,74957,73739,75623,76921
  20 - 24 Years,75966,78315,80892,82555,84196,87067,88349,88876,90065,89893,91343,90649,86974,82952,80919,75766,74084,75597,76436,75910,76748,78548,79418,79572
  25 - 29 Years,88716,89239,88720,91489,91266,92953,92004,88540,84490,82143,76981,75203,76781,77852,78081,78965,78198,78800,78750,79066,80656,85894,87370,89044
  30 - 34 Years,95354,93531,88891,86850,85027,80156,78424,80258,80945,80800,81719,80647,80792,80722,80822,82088,85509,86750,88232,88736,87398,87587,87676,89809
  35 - 39 Years,83859,81017,81907,84404,84897,85762,84330,84524,84099,83759,84945,88137,89152,90583,90818,89221,87686,87559,89434,92573,96844,101322,104244,106439
  40 - 44 Years,88803,85987,85187,86770,86862,88044,91008,91843,92984,93167,91743,90241,89912,91699,94419,98298,101062,103815,105589,107629,109321,111728,113356,113056
  45 - 49 Years,89797,91660,91586,94804,95153,93749,92067,91608,93179,95819,99628,102501,104978,106477,108047,109137,110157,111541,111198,110191,108767,107330,103544,100053
  50 - 54 Years,94440,91625,90478,93739,96614,100203,102736,105035,106447,107821,108866,109569,110670,110187,108914,107350,104909,101196,97715,94819,91701,89459,87238,80845
  55 - 59 Years,99413,100734,102280,105320,106695,107621,107998,108936,108260,106906,105288,102930,99287,95741,92778,89551,86523,84248,78049,69275,62574,56047,49306,48959
  60 - 64 Years,104827,104416,104601,105211,103935,102184,99688,96036,92618,89718,86583,83560,81241,75141,66498,59940,53308,46704,46341,48340,47950,47478,45572,42354
  65 - 69 Years,97487,94586,90609,88240,85480,82237,79137,76866,70911,62820,56547,50252,43861,43327,45015,44553,43742,41841,38795,36586,33894,32712,32374,31493
  70 - 74 Years,76090,72830,70247,65389,57799,51851,45935,39821,39198,40611,40097,39339,37687,34752,32452,29823,28485,28066,27143,25463,24278,23353,22318,21184
  75 - 79 Years,45332,39883,34344,33929,35116,34453,33673,32210,29623,27528,25130,23770,23225,22393,20831,19675,18615,17512,16265,14992,13434,13660,12651,11963
  80 - 84 Years,26862,26324,25342,23302,21640,19481,18207,17701,16817,15570,14682,13752,12874,11892,10928,9981,9180,8525,8092,7767,7401,7205,6914,6688
  85 - 89 Years,12688,11804,11607,11058,10137,9483,8766,8171,7529,6882,6161,5719,5204,4875,4561,4285,4165,4025,3824,3743,3664,3598,3571,3524
  65 Years & Over,264174,250888,237372,226782,214627,201529,189454,178155,167243,156353,145496,135543,125439,119695,116140,110585,106326,102020,96101,90427,84416,82200,79372,76206
  70 Years & Over,166687,156302,146763,138542,129147,119292,110317,101289,96332,93533,88949,85291,81578,76368,71125,66032,62584,60179,57306,53841,50522,49488,46998,44713
  75 Years & Over,90597,83472,76516,73153,71348,67441,64382,61468,57134,52922,48852,45952,43891,41616,38673,36209,34099,32113,30163,28378,26244,26135,24680,23529
  80 Years & Over,45265,43589,42172,39224,36232,32988,30709,29258,27511,25394,23722,22182,20666,19223,17842,16534,15484,14601,13898,13386,12810,12475,12029,11566
  85 Years & Over,18403,17265,16830,15922,14592,13507,12502,11557,10694,9824,9040,8430,7792,7331,6914,6553,6304,6076,5806,5619,5409,5270,5115,4878
  90 Years & Over,5715,5461,5223,4864,4455,4024,3736,3386,3165,2942,2879,2711,2588,2456,2353,2268,2139,2051,1982,1876,1745,1672,1544,1354
Total Female Chinese,1389091,1366126,1345666,1356036,1347655,1336197,1323090,1310818,1296747,1283650,1271453,1260077,1248347,1238041,1225719,1212536,1201241,1191931,1182811,1173969,1165359,1168874,1159546,1148096
  0 - 4 Years,53316,54332,55009,56708,57438,57752,58662,58773,57333,56652,56479,56386,56162,56559,56241,55294,55317,56048,58551,60783,62736,65660,68562,70283
  5 - 9 Years,62227,62614,62520,61734,61199,61061,60767,60261,60413,60000,59189,58987,59417,61900,63668,65244,67457,70162,71669,73853,77121,79194,80139,81325
  10 - 14 Years,63442,62651,61885,62776,62415,61585,61247,61516,64007,65922,67535,69806,72502,73832,75710,78689,79768,80667,81705,81400,82895,82823,79344,75606
  15 - 19 Years,63724,62854,62870,65797,67818,69445,71680,74350,75565,77354,80403,81497,82156,83192,82727,83882,83296,79548,75696,73973,69320,68112,69778,71309
  20 - 24 Years,70706,72211,74150,76437,78196,81076,82057,82622,83536,83048,84220,83697,80061,76229,74328,69372,67798,69381,70810,71273,72707,73229,74400,74554
  25 - 29 Years,82690,82649,82034,84997,84782,86093,85535,81970,77978,75991,71160,69657,71094,72683,73096,74063,73800,74873,75018,75695,77792,82373,84014,85789
  30 - 34 Years,91444,89758,84969,83266,81957,77363,75731,77573,78561,78364,79432,78791,79434,79397,79617,81026,84259,85855,87702,88463,87778,88180,88306,90330
  35 - 39 Years,84435,81748,82452,85583,86056,87125,85864,86305,85602,85530,86840,90144,91062,92539,92803,91336,90015,89746,91378,93843,97637,101863,104603,106312
  40 - 44 Years,92872,90353,89887,91674,92057,93249,95969,96501,97595,97648,96117,94640,93661,94745,96534,99606,101741,104103,105571,107451,108568,111305,112595,112420
  45 - 49 Years,97162,98721,98284,101505,101972,100408,98304,96979,97551,99013,101778,103703,105791,106681,108156,108861,109783,110985,110963,110071,108001,106438,102699,98830
  50 - 54 Years,102643,99284,97053,99324,100791,103336,104771,106597,107209,108537,109187,109961,110946,110757,109540,107327,104514,100883,96969,94009,91184,89502,87489,81200
  55 - 59 Years,103609,103942,104731,106974,108375,108881,109346,110132,109917,108706,106535,103687,99987,96048,93012,90026,87545,85532,79356,70413,64170,57327,50476,50564
  60 - 64 Years,107578,107067,106936,108204,107101,104920,101936,98323,94347,91366,88514,86071,84090,77943,69042,62910,55705,49005,49139,51555,51326,51020,48504,44436
  65 - 69 Years,102442,98777,94567,91937,89111,86249,83746,81691,75601,67098,61183,54118,47580,47558,49807,49538,48849,46426,42458,39952,37020,36114,36230,35958
  70 - 74 Years,82910,79882,77535,72608,64409,58571,51723,45365,45220,47355,47064,46422,44128,40238,37649,34718,33589,33608,33245,31635,30811,30328,29607,28577
  75 - 79 Years,54672,48007,41972,41996,43777,43372,42698,40510,36887,34479,31669,30446,30352,29914,28241,27433,26660,25721,24646,22905,20624,20691,19304,18201
  80 - 84 Years,37763,37179,35218,32158,29929,27314,26107,25887,25380,23925,23017,22305,21469,20499,19121,17504,16266,15148,14301,13913,13567,13140,12666,12211
  85 - 89 Years,20894,19924,19924,19448,18161,17235,16674,16007,15257,14198,13034,12086,11170,10428,9968,9591,9131,8788,8483,8058,7797,7641,7310,7012
  65 Years & Over,313243,297942,282886,271057,257498,243903,231221,218916,207133,195519,184064,173050,161984,155536,151245,144900,140243,135143,128284,121187,114124,111848,108637,105138
  70 Years & Over,210801,199165,188319,179120,168387,157654,147475,137225,131532,128421,122881,118932,114404,107978,101438,95362,91394,88717,85826,81235,77104,75734,72407,69180
  75 Years & Over,127891,119283,110784,106512,103978,99083,95752,91860,86312,81066,75817,72510,70276,67740,63789,60644,57805,55109,52581,49600,46293,45406,42800,40603
  80 Years & Over,73219,71276,68812,64516,60201,55711,53054,51350,49425,46587,44148,42064,39924,37826,35548,33211,31145,29388,27935,26695,25669,24715,23496,22402
  85 Years & Over,35456,34097,33594,32358,30272,28397,26947,25463,24045,22662,21131,19759,18455,17327,16427,15707,14879,14240,13634,12782,12102,11575,10830,10191
  90 Years & Over,14562,14173,13670,12910,12111,11162,10273,9456,8788,8464,8097,7673,7285,6899,6459,6116,5748,5452,5151,4724,4305,3934,3520,3179
Total Indians,272628,266541,258961,262860,261376,258857,255836,253292,250349,247398,245162,243169,241305,237473,235988,231607,228385,225615,221998,219424,217156,220067,217570,215150
  0 - 4 Years,12364,12402,12296,12594,12768,12831,12727,12732,12514,12553,12754,13266,13766,13968,13869,13786,13901,14187,14451,14935,15514,16234,16733,17119
  5 - 9 Years,13396,13323,13175,13287,13489,13661,14057,14410,14807,14929,15210,15454,15802,15965,16310,16589,16941,17364,17529,17835,18346,19066,19381,19721
  10 - 14 Years,14494,14802,14964,15630,15872,16116,16177,16419,16675,17049,17441,17821,18200,18340,18560,18847,19136,19443,19697,19847,19683,19603,18954,18173
  15 - 19 Years,17516,17232,17096,17425,17775,18048,18268,18499,18601,18870,19209,19629,19873,20056,20052,19832,19560,18959,18167,17504,16762,16344,15935,15651
  20 - 24 Years,19216,19132,18891,19154,19284,19486,19704,19923,20217,20306,20124,19813,19222,18421,17792,16940,16356,15847,15487,14964,14462,14022,13413,12829
  25 - 29 Years,20006,19778,19448,20250,20263,20102,19736,19140,18378,17795,17084,16604,16266,15998,15524,14870,14080,13501,12831,12469,12659,13399,13917,14595
  30 - 34 Years,20385,19763,18580,18543,18157,17507,17021,16680,16507,16080,15719,15171,14790,14185,13783,13667,13947,14324,14729,15097,15531,16238,16915,17818
  35 - 39 Years,18162,17429,16778,17215,17011,16651,16044,15609,15203,14943,15195,15709,16271,16551,16697,16725,16864,17363,18011,18784,19670,20975,21422,21693
  40 - 44 Years,17767,16903,16133,16310,16198,16458,16795,17178,17662,17824,18144,18341,18775,19222,19797,20381,20959,21306,21303,21545,21380,21731,21332,20779
  45 - 49 Years,17836,17881,17818,18743,18969,19092,19129,19396,19842,20359,20981,21490,21734,21722,21831,21553,21411,20944,20317,19491,18597,17932,17148,16190
  50 - 54 Years,19788,19567,19290,20201,20693,21186,21578,21715,21599,21774,21456,21103,20554,19782,19378,18482,17466,16637,15609,15082,14476,14050,13646,12373
  55 - 59 Years,21076,21113,20736,21218,21336,21038,20721,20173,19522,18533,17606,16646,15872,14865,14716,14045,13409,13008,11795,10216,8954,7802,6563,6477
  60 - 64 Years,20303,19722,18867,18752,17963,17080,16134,15354,14407,13798,13190,12588,12179,10966,9722,8468,7254,6080,5972,6189,6206,6395,6251,6141
  65 - 69 Years,16101,14976,14059,13576,13072,12474,11887,11482,10376,8922,7764,6599,5516,5394,5712,5696,5770,5613,5504,5357,5345,5657,5881,6037
  70 - 74 Years,11344,10682,10170,9436,8178,7132,6031,5032,4884,5012,4985,5062,4899,4770,4744,4662,4763,4854,4903,4966,5032,5266,5275,5308
  75 - 79 Years,6170,5214,4211,4200,4350,4290,4348,4225,4089,3921,3829,3779,3766,3718,4016,3957,3752,3553,3293,2907,2498,3418,3135,2761
  80 - 84 Years,3401,3413,3289,3220,3081,2981,2950,2938,2860,2764,2682,2540,2405,2269,2135,1879,1712,1633,1533,1475,1394,1327,1149,1007
  85 - 89 Years,1948,1905,1905,1903,1848,1778,1673,1592,1506,1362,1253,1081,979,881,891,846,779,716,628,544,456,431,386,355
  65 Years & Over,40319,37494,34889,33538,31598,29601,27745,26064,24415,22585,21049,19534,18001,17432,17957,17422,17101,16652,16100,15466,14916,16276,15960,15591
  70 Years & Over,24218,22518,20830,19962,18526,17127,15858,14582,14039,13663,13285,12935,12485,12038,12245,11726,11331,11039,10596,10109,9571,10619,10079,9554
  75 Years & Over,12874,11836,10660,10526,10348,9995,9827,9550,9155,8651,8300,7873,7586,7268,7501,7064,6568,6185,5693,5143,4539,5353,4804,4246
  80 Years & Over,6704,6622,6449,6326,5998,5705,5479,5325,5066,4730,4471,4094,3820,3550,3485,3107,2816,2632,2400,2236,2041,1935,1669,1485
  85 Years & Over,3303,3209,3160,3106,2917,2724,2529,2387,2206,1966,1789,1554,1415,1281,1350,1228,1104,999,867,761,647,608,520,478
  90 Years & Over,1355,1304,1255,1203,1069,946,856,795,700,604,536,473,436,400,459,382,325,283,239,217,191,177,134,123
Total Male Indians,137230,134463,131025,132339,131528,130417,128961,127779,126543,125177,124091,123123,122291,120345,119742,117483,115754,114417,112635,111471,110463,112468,111424,110376
  0 - 4 Years,6377,6356,6305,6447,6533,6595,6573,6525,6398,6365,6467,6736,7028,7132,7067,7082,7087,7257,7443,7746,8037,8386,8618,8768
  5 - 9 Years,6847,6853,6707,6736,6822,6895,7103,7290,7500,7560,7716,7790,8001,8144,8380,8526,8693,8891,8942,9083,9330,9757,9867,10023
  10 - 14 Years,7306,7436,7542,7872,7989,8126,8107,8245,8426,8674,8875,9066,9225,9288,9410,9548,9738,9863,9961,10035,9972,9898,9669,9341
  15 - 19 Years,8810,8682,8648,8852,9066,9206,9306,9376,9432,9572,9717,9978,10045,10116,10090,10025,9850,9637,9319,8976,8600,8436,8230,8048
  20 - 24 Years,10119,10079,9926,9884,9911,9987,10112,10171,10290,10330,10245,10042,9822,9453,9115,8669,8425,8164,7931,7659,7391,7193,6850,6545
  25 - 29 Years,10370,10226,10014,10310,10270,10197,9982,9760,9419,9096,8700,8517,8307,8150,7900,7564,7101,6756,6442,6317,6416,6687,6952,7333
  30 - 34 Years,10319,10006,9589,9515,9235,8882,8679,8490,8350,8140,7931,7612,7418,7109,6947,6858,6897,7099,7380,7513,7760,8185,8529,8952
  35 - 39 Years,9249,8945,8631,8667,8546,8337,8010,7791,7613,7621,7811,8084,8453,8618,8640,8658,8767,8981,9234,9534,9950,10449,10609,10733
  40 - 44 Years,8763,8308,7932,8012,8074,8296,8517,8868,9234,9354,9600,9806,10039,10201,10379,10568,10691,10759,10671,10867,10871,11057,10888,10612
  45 - 49 Years,8836,8941,9080,9673,9849,10019,10165,10308,10576,10753,11007,11106,11146,11042,11154,11015,11015,10782,10460,9929,9330,8948,8520,8008
  50 - 54 Years,10353,10363,10265,10727,10927,11134,11146,11126,11016,11125,11015,10904,10611,10180,9861,9277,8773,8312,7720,7490,7143,6840,6658,6053
  55 - 59 Years,11035,10924,10682,10768,10818,10704,10619,10349,10012,9414,8809,8325,7899,7341,7253,6899,6509,6313,5716,4945,4368,3726,3103,3040
  60 - 64 Years,10256,10069,9669,9538,9032,8456,7968,7542,7035,6760,6421,6054,5832,5262,4652,4052,3422,2829,2756,2828,2790,2920,2866,2849
  65 - 69 Years,7808,7317,6861,6520,6284,5975,5623,5402,4894,4180,3652,3047,2501,2431,2528,2469,2528,2485,2457,2436,2570,2916,3247,3539
  70 - 74 Years,5330,4937,4664,4306,3710,3254,2702,2220,2119,2141,2078,2125,2048,2001,2043,2121,2319,2518,2701,2915,3088,3390,3476,3594
  75 - 79 Years,2722,2252,1787,1771,1779,1716,1737,1680,1640,1589,1631,1695,1787,1874,2234,2289,2206,2099,1962,1743,1508,2380,2215,1928
  80 - 84 Years,1274,1278,1218,1194,1173,1192,1234,1310,1360,1389,1393,1331,1285,1240,1220,1064,1004,1010,962,939,895,880,757,671
  85 - 89 Years,700,739,766,835,870,877,847,827,806,743,697,592,559,502,533,521,497,461,415,364,307,290,268,248
  65 Years & Over,18590,17275,16035,15338,14456,13583,12674,11938,11242,10413,9777,9103,8465,8309,8894,8742,8786,8774,8660,8549,8505,9986,10065,10071
  70 Years & Over,10782,9958,9174,8818,8172,7608,7051,6536,6348,6233,6125,6056,5964,5878,6366,6273,6258,6289,6203,6113,5935,7070,6818,6532
  75 Years & Over,5452,5021,4510,4512,4462,4354,4349,4316,4229,4092,4047,3931,3916,3877,4323,4152,3939,3771,3502,3198,2847,3680,3342,2938
  80 Years & Over,2730,2769,2723,2741,2683,2638,2612,2636,2589,2503,2416,2236,2129,2003,2089,1863,1733,1672,1540,1455,1339,1300,1127,1010
  85 Years & Over,1456,1491,1505,1547,1510,1446,1378,1326,1229,1114,1023,905,844,763,869,799,729,662,578,516,444,420,370,339
  90 Years & Over,756,752,739,712,640,569,531,499,423,371,326,313,285,261,336,278,232,201,163,152,137,130,102,91
Total Female Indians,135398,132078,127936,130521,129848,128440,126875,125513,123806,122221,121071,120046,119014,117128,116246,114124,112631,111198,109363,107953,106693,107599,106146,104774
  0 - 4 Years,5987,6046,5991,6147,6235,6236,6154,6207,6116,6188,6287,6530,6738,6836,6802,6704,6814,6930,7008,7189,7477,7848,8115,8351
  5 - 9 Years,6549,6470,6468,6551,6667,6766,6954,7120,7307,7369,7494,7664,7801,7821,7930,8063,8248,8473,8587,8752,9016,9309,9514,9698
  10 - 14 Years,7188,7366,7422,7758,7883,7990,8070,8174,8249,8375,8566,8755,8975,9052,9150,9299,9398,9580,9736,9812,9711,9705,9285,8832
  15 - 19 Years,8706,8550,8448,8573,8709,8842,8962,9123,9169,9298,9492,9651,9828,9940,9962,9807,9710,9322,8848,8528,8162,7908,7705,7603
  20 - 24 Years,9097,9053,8965,9270,9373,9499,9592,9752,9927,9976,9879,9771,9400,8968,8677,8271,7931,7683,7556,7305,7071,6829,6563,6284
  25 - 29 Years,9636,9552,9434,9940,9993,9905,9754,9380,8959,8699,8384,8087,7959,7848,7624,7306,6979,6745,6389,6152,6243,6712,6965,7262
  30 - 34 Years,10066,9757,8991,9028,8922,8625,8342,8190,8157,7940,7788,7559,7372,7076,6836,6809,7050,7225,7349,7584,7771,8053,8386,8866
  35 - 39 Years,8913,8484,8147,8548,8465,8314,8034,7818,7590,7322,7384,7625,7818,7933,8057,8067,8097,8382,8777,9250,9720,10526,10813,10960
  40 - 44 Years,9004,8595,8201,8298,8124,8162,8278,8310,8428,8470,8544,8535,8736,9021,9418,9813,10268,10547,10632,10678,10509,10674,10444,10167
  45 - 49 Years,9000,8940,8738,9070,9120,9073,8964,9088,9266,9606,9974,10384,10588,10680,10677,10538,10396,10162,9857,9562,9267,8984,8628,8182
  50 - 54 Years,9435,9204,9025,9474,9766,10052,10432,10589,10583,10649,10441,10199,9943,9602,9517,9205,8693,8325,7889,7592,7333,7210,6988,6320
  55 - 59 Years,10041,10189,10054,10450,10518,10334,10102,9824,9510,9119,8797,8321,7973,7524,7463,7146,6900,6695,6079,5271,4586,4076,3460,3437
  60 - 64 Years,10047,9653,9198,9214,8931,8624,8166,7812,7372,7038,6769,6534,6347,5704,5070,4416,3832,3251,3216,3361,3416,3475,3385,3292
  65 - 69 Years,8293,7659,7198,7056,6788,6499,6264,6080,5482,4742,4112,3552,3015,2963,3184,3227,3242,3128,3047,2921,2775,2741,2634,2498
  70 - 74 Years,6014,5745,5506,5130,4468,3878,3329,2812,2765,2871,2907,2937,2851,2769,2701,2541,2444,2336,2202,2051,1944,1876,1799,1714
  75 - 79 Years,3448,2962,2424,2429,2571,2574,2611,2545,2449,2332,2198,2084,1979,1844,1782,1668,1546,1454,1331,1164,990,1038,920,833
  80 - 84 Years,2127,2135,2071,2026,1908,1789,1716,1628,1500,1375,1289,1209,1120,1029,915,815,708,623,571,536,499,447,392,336
  85 - 89 Years,1248,1166,1139,1068,978,901,826,765,700,619,556,489,420,379,358,325,282,255,213,180,149,141,118,107
  65 Years & Over,21729,20219,18854,18200,17142,16018,15071,14126,13173,12172,11272,10431,9536,9123,9063,8680,8315,7878,7440,6917,6411,6290,5895,5520
  70 Years & Over,13436,12560,11656,11144,10354,9519,8807,8046,7691,7430,7160,6879,6521,6160,5879,5453,5073,4750,4393,3996,3636,3549,3261,3022
  75 Years & Over,7422,6815,6150,6014,5886,5641,5478,5234,4926,4559,4253,3942,3670,3391,3178,2912,2629,2414,2191,1945,1692,1673,1462,1308
  80 Years & Over,3974,3853,3726,3585,3315,3067,2867,2689,2477,2227,2055,1858,1691,1547,1396,1244,1083,960,860,781,702,635,542,475
  85 Years & Over,1847,1718,1655,1559,1407,1278,1151,1061,977,852,766,649,571,518,481,429,375,337,289,245,203,188,150,139
  90 Years & Over,599,552,516,491,429,377,325,296,277,233,210,160,151,139,123,104,93,82,76,65,54,47,32,32
Other Ethnic Groups (Total),61627,58414,54997,54856,53458,52078,50807,49683,48321,47448,46300,45081,44299,43636,41094,38095,36118,34869,33890,33455,32927,33631,32991,32244
  0 - 4 Years,5262,5345,5201,5171,5162,5192,5279,5256,5123,5029,5009,4952,4933,4910,4484,3991,3696,3546,3508,3507,3472,3646,3695,3659
  5 - 9 Years,5574,5443,5243,5302,5230,5167,5039,5061,4949,4784,4552,4355,4193,4244,4047,3781,3698,3624,3549,3521,3490,3710,3642,3542
  10 - 14 Years,5315,4910,4677,4834,4675,4497,4336,4128,4131,4163,4131,4191,4176,4071,3809,3563,3418,3364,3277,3252,3298,3366,3190,3019
  15 - 19 Years,4715,4334,4015,4185,4210,4183,4216,4212,4059,3876,3738,3603,3543,3457,3335,3309,3188,2980,2837,2780,2676,2582,2480,2383
  20 - 24 Years,4541,4428,4293,4218,3957,3787,3660,3520,3456,3408,3426,3209,3058,2954,2813,2545,2330,2264,2198,2040,1888,1868,1822,1751
  25 - 29 Years,4383,4065,3695,3677,3569,3575,3462,3273,3053,2956,2733,2568,2602,2620,2417,2124,1943,1839,1728,1673,1718,1779,1774,1796
  30 - 34 Years,4186,3973,3630,3445,3342,3081,2884,2870,2799,2665,2598,2515,2498,2514,2333,2104,1966,1871,1874,1890,1882,1941,2019,2077
  35 - 39 Years,4195,3896,3561,3375,3148,2989,2817,2727,2643,2664,2707,2811,2862,2979,2729,2389,2166,2177,2125,2186,2303,2518,2557,2629
  40 - 44 Years,3856,3414,3111,2989,2998,3005,3054,3074,3123,3136,3109,3029,3078,3030,2822,2620,2619,2563,2571,2681,2676,2738,2720,2642
  45 - 49 Years,3554,3480,3329,3440,3395,3333,3247,3243,3135,3099,3051,3100,3075,3025,2994,2851,2732,2656,2566,2453,2382,2330,2205,2125
  50 - 54 Years,3706,3485,3347,3333,3248,3172,3182,3118,3028,3075,3025,2962,2863,2754,2574,2424,2264,2102,2022,2025,1943,1976,1993,1801
  55 - 59 Years,3308,3187,3009,3058,3046,2971,2874,2772,2676,2572,2484,2325,2181,2070,2017,1896,1868,1886,1707,1478,1290,1091,881,923
  60 - 64 Years,2936,2785,2586,2587,2462,2359,2211,2074,1956,1943,1868,1840,1865,1696,1439,1243,1027,821,846,925,966,1022,1055,1041
  65 - 69 Years,2250,2041,1873,1846,1801,1727,1704,1704,1562,1377,1204,1006,803,825,868,909,921,949,942,953,958,979,967,978
  70 - 74 Years,1591,1525,1486,1441,1255,1082,898,726,738,804,835,854,882,871,849,853,858,853,877,867,858,868,876,843
  75 - 79 Years,948,780,613,647,696,719,736,768,753,760,743,749,733,744,740,724,715,699,622,589,537,650,601,561
  80 - 84 Years,577,583,608,615,584,590,594,567,589,612,611,585,562,498,453,416,391,394,381,384,355,339,295,271
  85 - 89 Years,413,420,398,410,412,420,399,392,351,337,300,267,245,236,243,235,219,188,180,163,152,139,137,129
  65 Years & Over,6096,5669,5300,5242,5016,4767,4546,4355,4190,4078,3869,3621,3372,3312,3281,3255,3203,3176,3082,3044,2943,3064,2958,2856
  70 Years & Over,3846,3628,3427,3396,3215,3040,2842,2651,2628,2701,2665,2615,2569,2487,2413,2346,2282,2227,2140,2091,1985,2085,1991,1878
  75 Years & Over,2255,2103,1941,1955,1960,1958,1944,1925,1890,1897,1830,1761,1687,1616,1564,1493,1424,1374,1263,1224,1127,1217,1115,1035
  80 Years & Over,1307,1323,1328,1308,1264,1239,1208,1157,1137,1137,1087,1012,954,872,824,769,709,675,641,635,590,567,514,474
  85 Years & Over,730,740,720,693,680,649,614,590,548,525,476,427,392,374,371,353,318,281,260,251,235,228,219,203
  90 Years & Over,317,320,322,283,268,229,215,198,197,188,176,160,147,138,128,118,99,93,80,88,83,89,82,74
Other Ethnic Groups (Males),29327,27949,26579,26438,25758,25166,24546,24072,23492,23057,22554,21882,21505,21132,19887,18419,17424,16871,16407,16241,15994,16297,16005,15662
  0 - 4 Years,2588,2634,2577,2567,2596,2616,2620,2592,2550,2497,2507,2523,2529,2488,2275,2049,1904,1850,1833,1832,1770,1842,1876,1849
  5 - 9 Years,2777,2695,2594,2640,2572,2541,2499,2534,2454,2386,2300,2193,2124,2163,2076,1924,1855,1831,1787,1782,1791,1926,1858,1834
  10 - 14 Years,2618,2452,2371,2380,2319,2257,2150,2064,2090,2112,2089,2103,2092,2038,1902,1781,1736,1692,1663,1680,1719,1753,1690,1590
  15 - 19 Years,2361,2194,2062,2120,2123,2103,2124,2117,2033,1942,1880,1814,1761,1726,1686,1681,1630,1564,1488,1474,1421,1333,1279,1224
  20 - 24 Years,2487,2463,2404,2283,2083,2001,1931,1841,1843,1817,1788,1630,1588,1545,1457,1318,1191,1151,1134,1033,947,931,910,869
  25 - 29 Years,2538,2331,2086,2060,1962,1934,1839,1744,1606,1512,1389,1267,1261,1230,1151,1029,949,897,827,817,819,881,881,888
  30 - 34 Years,2019,1890,1732,1641,1541,1399,1289,1282,1256,1221,1205,1158,1166,1160,1083,981,937,886,876,881,851,847,849,902
  35 - 39 Years,1570,1434,1363,1322,1290,1259,1215,1215,1201,1215,1258,1337,1363,1413,1279,1075,911,895,890,943,1033,1121,1170,1183
  40 - 44 Years,1436,1312,1259,1262,1301,1337,1407,1424,1463,1481,1432,1368,1358,1356,1259,1180,1185,1177,1141,1183,1169,1207,1221,1220
  45 - 49 Years,1500,1527,1484,1565,1567,1502,1442,1428,1405,1411,1437,1469,1455,1412,1380,1289,1230,1211,1194,1118,1120,1094,1042,1030
  50 - 54 Years,1656,1544,1472,1491,1469,1481,1507,1493,1428,1435,1405,1372,1343,1313,1213,1164,1087,1009,994,1021,987,1022,1036,911
  55 - 59 Years,1556,1514,1448,1435,1441,1389,1343,1325,1293,1231,1214,1144,1075,1035,1030,962,964,980,865,742,651,539,417,443
  60 - 64 Years,1368,1300,1232,1247,1178,1170,1104,1031,990,997,965,954,981,868,737,638,509,387,403,434,434,472,487,467
  65 - 69 Years,1098,1017,950,925,920,879,876,884,798,699,615,496,377,384,390,391,405,424,410,411,419,426,439,444
  70 - 74 Years,798,768,759,716,618,540,435,337,342,356,351,374,385,376,351,356,354,363,380,383,393,386,386,383
  75 - 79 Years,462,370,279,292,302,294,310,329,318,311,302,300,301,303,314,315,300,287,269,261,247,307,278,266
  80 - 84 Years,229,236,240,246,227,231,235,228,234,252,254,232,212,198,183,173,174,174,169,160,145,138,121,99
  85 - 89 Years,155,155,154,153,165,164,151,142,123,123,110,100,96,88,89,81,76,65,58,55,51,46,39,36
  65 Years & Over,2853,2659,2495,2425,2316,2177,2076,1982,1880,1800,1685,1550,1409,1385,1359,1348,1336,1341,1312,1301,1282,1329,1289,1252
  70 Years & Over,1755,1642,1545,1500,1396,1298,1200,1098,1082,1101,1070,1054,1032,1001,969,957,931,917,902,890,863,903,850,808
  75 Years & Over,957,874,786,784,778,758,765,761,740,745,719,680,647,625,618,601,577,554,522,507,470,517,464,425
  80 Years & Over,495,504,507,492,476,464,455,432,422,434,417,380,346,322,304,286,277,267,253,246,223,210,186,159
  85 Years & Over,266,268,267,246,249,233,220,204,188,182,163,148,134,124,121,113,103,93,84,86,78,72,65,60
  90 Years & Over,111,113,113,93,84,69,69,62,65,59,53,48,38,36,32,32,27,28,26,31,27,26,26,24
Other Ethnic Groups (Females),32300,30465,28418,28418,27700,26912,26261,25611,24829,24391,23746,23199,22794,22504,21207,19676,18694,17998,17483,17214,16933,17334,16986,16582
  0 - 4 Years,2674,2711,2624,2604,2566,2576,2659,2664,2573,2532,2502,2429,2404,2422,2209,1942,1792,1696,1675,1675,1702,1804,1819,1810
  5 - 9 Years,2797,2748,2649,2662,2658,2626,2540,2527,2495,2398,2252,2162,2069,2081,1971,1857,1843,1793,1762,1739,1699,1784,1784,1708
  10 - 14 Years,2697,2458,2306,2454,2356,2240,2186,2064,2041,2051,2042,2088,2084,2033,1907,1782,1682,1672,1614,1572,1579,1613,1500,1429
  15 - 19 Years,2354,2140,1953,2065,2087,2080,2092,2095,2026,1934,1858,1789,1782,1731,1649,1628,1558,1416,1349,1306,1255,1249,1201,1159
  20 - 24 Years,2054,1965,1889,1935,1874,1786,1729,1679,1613,1591,1638,1579,1470,1409,1356,1227,1139,1113,1064,1007,941,937,912,882
  25 - 29 Years,1845,1734,1609,1617,1607,1641,1623,1529,1447,1444,1344,1301,1341,1390,1266,1095,994,942,901,856,899,898,893,908
  30 - 34 Years,2167,2083,1898,1804,1801,1682,1595,1588,1543,1444,1393,1357,1332,1354,1250,1123,1029,985,998,1009,1031,1094,1170,1175
  35 - 39 Years,2625,2462,2198,2053,1858,1730,1602,1512,1442,1449,1449,1474,1499,1566,1450,1314,1255,1282,1235,1243,1270,1397,1387,1446
  40 - 44 Years,2420,2102,1852,1727,1697,1668,1647,1650,1660,1655,1677,1661,1720,1674,1563,1440,1434,1386,1430,1498,1507,1531,1499,1422
  45 - 49 Years,2054,1953,1845,1875,1828,1831,1805,1815,1730,1688,1614,1631,1620,1613,1614,1562,1502,1445,1372,1335,1262,1236,1163,1095
  50 - 54 Years,2050,1941,1875,1842,1779,1691,1675,1625,1600,1640,1620,1590,1520,1441,1361,1260,1177,1093,1028,1004,956,954,957,890
  55 - 59 Years,1752,1673,1561,1623,1605,1582,1531,1447,1383,1341,1270,1181,1106,1035,987,934,904,906,842,736,639,552,464,480
  60 - 64 Years,1568,1485,1354,1340,1284,1189,1107,1043,966,946,903,886,884,828,702,605,518,434,443,491,532,550,568,574
  65 - 69 Years,1152,1024,923,921,881,848,828,820,764,678,589,510,426,441,478,518,516,525,532,542,539,553,528,534
  70 - 74 Years,793,757,727,725,637,542,463,389,396,448,484,480,497,495,498,497,504,490,497,484,465,482,490,460
  75 - 79 Years,486,410,334,355,394,425,426,439,435,449,441,449,432,441,426,409,415,412,353,328,290,343,323,295
  80 - 84 Years,348,347,368,369,357,359,359,339,355,360,357,353,350,300,270,243,217,220,212,224,210,201,174,172
  85 - 89 Years,258,265,244,257,247,256,248,250,228,214,190,167,149,148,154,154,143,123,122,108,101,93,98,93
  65 Years & Over,3243,3010,2805,2817,2700,2590,2470,2373,2310,2278,2184,2071,1963,1927,1922,1907,1867,1835,1770,1743,1661,1735,1669,1604
  70 Years & Over,2091,1986,1882,1896,1819,1742,1642,1553,1546,1600,1595,1561,1537,1486,1444,1389,1351,1310,1238,1201,1122,1182,1141,1070
  75 Years & Over,1298,1229,1155,1171,1182,1200,1179,1164,1150,1152,1111,1081,1040,991,946,892,847,820,741,717,657,700,651,610
  80 Years & Over,812,819,821,816,788,775,753,725,715,703,670,632,608,550,520,483,432,408,388,389,367,357,328,315
  85 Years & Over,464,472,453,447,431,416,394,386,360,343,313,279,258,250,250,240,215,188,176,165,157,156,154,143
  90 Years & Over,206,207,209,190,184,160,146,136,132,129,123,112,109,102,96,86,72,65,54,57,56,63,56,50
,,,,,,,,,,,,,,,,,,,,,,,,
Footnotes:,,,,,,,,,,,,,,,,,,,,,,,,
"Data from 2003 onwards exclude residents who are overseas for a continuous period of 12 months or longer as at the reference period.  For more information, please refer to the 'Population Trends' publication (www.singstat.gov.sg/publications/population/population-trends) and the Information Paper on 'Singapore Resident Population, 2003-2007' (www.singstat.gov.sg/-/media/files/publications/population/respop.pdf).",,,,,,,,,,,,,,,,,,,,,,,,
,,,,,,,,,,,,,,,,,,,,,,,,
Notation:,,,,,,,,,,,,,,,,,,,,,,,,
na   not available or not applicable,,,,,,,,,,,,,,,,,,,,,,,,
nec  not elsewhere classified,,,,,,,,,,,,,,,,,,,,,,,,
nes  not elsewhere specified,,,,,,,,,,,,,,,,,,,,,,,,
 -     nil or negligible or not significant,,,,,,,,,,,,,,,,,,,,,,,,
Notes,,,,,,,,,,,,,,,,,,,,,,,,
Numbers may not add up to the totals due to rounding.,,,,,,,,,,,,,,,,,,,,,,,,
"Data are the latest available at the time of access or download. Some statistics, particularly those for the most recent time periods, are provisional and may be subject to revision at a later date.",,,,,,,,,,,,,,,,,,,,,,,,
Values are shown in Singapore dollars (unless otherwise specified).,,,,,,,,,,,,,,,,,,,,,,,,
,,,,,,,,,,,,,,,,,,,,,,,,
Generated by: SingStat Table Builder,,,,,,,,,,,,,,,,,,,,,,,,
Date generated: 14/12/2023,,,,,,,,,,,,,,,,,,,,,,,,
Contact: info@singstat.gov.sg,,,,,,,,,,,,,,,,,,,,,,,,